<?xml version="1.0" encoding="utf-8"?><App xmlns="http://schemas.microsoft.com/sharepoint/2012/app/manifest" Name="quick-links-rt-client-side-solution" ProductID="2230974c-1bee-4bea-acf1-99199fd2d8fb" Version="1.0.0.0" SharePointMinVersion="16.0.0.0" IsClientSideSolution="true" SkipFeatureDeployment="true" IsDomainIsolated="false"><Properties><Title>quick-links-rt-client-side-solution</Title><DeveloperProperties>{&quot;name&quot;:&quot;&quot;,&quot;websiteUrl&quot;:&quot;&quot;,&quot;privacyUrl&quot;:&quot;&quot;,&quot;termsOfUseUrl&quot;:&quot;&quot;,&quot;mpnId&quot;:&quot;Undefined-1.15.2&quot;}</DeveloperProperties><ShortDescription><LocalizedString CultureName="default">quick-links-rt description</LocalizedString></ShortDescription><LongDescription><LocalizedString CultureName="default">quick-links-rt description</LocalizedString></LongDescription><Screenshots></Screenshots></Properties></App>