{
  "$schema": "https://developer.microsoft.com/json-schemas/spfx/client-side-web-part-manifest.schema.json",
  "id": "eac59251-7f5e-40c5-afe3-c4a214b1ab63",
  "alias": "QuickLinksRtWebPart",
  "componentType": "WebPart",
  "version": "*",
  "manifestVersion": 2,
  "requiresCustomScript": false,
  "supportedHosts": ["SharePointWebPart", "TeamsPersonalApp", "TeamsTab", "SharePointFullPage"],
  "supportsThemeVariants": true,

  "preconfiguredEntries": [{
    "groupId": "5c03119e-3074-46fd-976b-c60198311f70",
    "group": { "default": "Advanced" },
    "title": { "default": "Pentegra-Quick-Links" },
    "description": { "default": "Pentegra-Quick-Links description" },
    "officeFabricIconFontName": "Page",
    "properties": {
      "description": "",
      "Backgroundcolor": "#fff",
      "color": "#000",
      "Numbershow": "5",
      "ShortList":"Modified"
    }
  }]
}
