{
  "$schema": "https://developer.microsoft.com/json-schemas/core-build/serve.schema.json",
  "port": 4321,
  "https": true,
  "initialPage": "https://realitycraftprivatelimited.sharepoint.com/sites/DevJayp/_layouts/workbench.aspx",
  "api": {
    "port": 5432,
    "entryPath": "node_modules/@microsoft/sp-webpart-workbench/lib/api/"
  },
  "serveConfigurations": {
    "default": {
      "pageUrl": "https://realitycraftprivatelimited.sharepoint.com/sites/DevJayp/_layouts/workbench.aspx"
    }
  }
}
